<?xml version="1.0" encoding="UTF-8"?>
<beans xmlns="http://www.springframework.org/schema/beans"
	xmlns:xsi="http://www.w3.org/2001/XMLSchema-instance"
	xmlns:p="http://www.springframework.org/schema/p"
	xmlns:aop="http://www.springframework.org/schema/aop"
	xmlns:context="http://www.springframework.org/schema/context"
	xmlns:jee="http://www.springframework.org/schema/jee"
	xmlns:tx="http://www.springframework.org/schema/tx"
	xmlns:task="http://www.springframework.org/schema/task"
	xsi:schemaLocation="http://www.springframework.org/schema/aop http://www.springframework.org/schema/aop/spring-aop-3.2.xsd http://www.springframework.org/schema/beans http://www.springframework.org/schema/beans/spring-beans-3.2.xsd http://www.springframework.org/schema/context http://www.springframework.org/schema/context/spring-context-3.2.xsd http://www.springframework.org/schema/jee http://www.springframework.org/schema/jee/spring-jee-3.2.xsd http://www.springframework.org/schema/tx http://www.springframework.org/schema/tx/spring-tx-3.2.xsd http://www.springframework.org/schema/task http://www.springframework.org/schema/task/spring-task-3.2.xsd">
	
	<context:annotation-config></context:annotation-config>
    <aop:aspectj-autoproxy></aop:aspectj-autoproxy>
	
	<bean id="Triangle" class="com.au.spring.model.Triangle">
		<property name="Type" value="Equilateral Triangle"></property>
		<property name="pointA" ref="pointA"></property>
		<property name="pointB" ref="pointB"></property>
		<property name="pointC" ref="pointC"></property>
		<property name="pointMap">
			<map>
				<entry key="A">
					<bean  class="com.au.spring.model.Point">
						<property name="x" value="1"></property>
						<property name="y" value="2"></property>
					</bean>
				</entry>
				<entry key="B">
					<bean  class="com.au.spring.model.Point">
						<property name="x" value="1"></property>
						<property name="y" value="2"></property>
					</bean>
				</entry>
				<entry key="C">
					<bean  class="com.au.spring.model.Point">
						<property name="x" value="1"></property>
						<property name="y" value="2"></property>
					</bean>
				</entry>
			</map>
		</property>
	</bean>
	<bean id = "pointA" class="com.au.spring.model.Point">
		<property name="x" value="0" />
		<property name="y" value="1" />
	</bean>

	<bean id = "pointB" class="com.au.spring.model.Point">
		<property name="x" value="11" />
		<property name="y" value="12" />
	</bean>

	<bean id = "pointC" class="com.au.spring.model.Point">
		<property name="x" value="08" />
		<property name="y" value="10" />
	</bean>
	
	<bean id="circle" class="com.au.spring.model.Circle">
		<constructor-arg name="Type" value="Circle"></constructor-arg>
		<constructor-arg name="radius" value="5"></constructor-arg>
		<constructor-arg name="center" >			
			<bean id="center" class="com.au.spring.model.Point">
				<property name="x" value="5"></property>
				<property name="y" value="5"></property>
			</bean>
		</constructor-arg>
	</bean>	
	
	<bean class="com.au.spring.model.AroundAspect" />
</beans>